排名,客户ID,流失概率,在网时长(月),月消费(元),合同类型,网络服务,流失原因,AI挽留方案
1,7216-EWTRS,94.8%,1,100.8,Month-to-month,Fiber optic,"月租费用偏高(¥101/月); 在网时间较短(1个月), 客户黏性不足; 月付合同, 转换成本低, 易流失; 光纤用户对网络质量要求高",### 个性化挽留方案 #### 1. 核心流失原因分析 1. 合同类型为Month-to-month，客户存在提前终止风险。 2. 累计消费金额较高，客户可能对当前套餐不满意，寻求性价比更高的替代方案。 #### 2. 针对性挽留措施 1. 提供长期合约优惠方案：提供1个月免费体验的12-to-12合约，降低客户提前终止的风险。 2. 加强网络服务保障：提升客户当前网络服务质量，包括安装更高效能的网络安全服务，增强其网络安全感。 3. 个性化优惠套餐推荐：基于客户当前消费金额和网络服务类型，推荐更高性价比的套餐组合，如增加宽带速度或添加专属家庭套餐。 4. 高效沟通与回访：通过电话或短信方式，与客户进行一对一沟通，详细了解客户需求，提供定制化解决方案。 5. 阶梯式优惠策略：针对不同在网时长的客户群体制定差异化的优惠方案，鼓励客户长期使用服务。 #### 1. 优先级建议 三、优先级1：合同类型（Month-to-month）>> 累计消费金额 2. 其次为在网时长（月）、在在线安全服务（偏高）、月消费金额 5. 推荐优先采取措施：提供长期合约优惠方案、加强网络服务保障、个性化优惠套餐推荐，与客户进行高效沟通与回访。
2,1699-TLDLZ,93.9%,16,19.7,Two year,No,"在网时间(16个月), 仍处于流失高风险期; 无网络服务, 增值业务少; 邮寄支票支付, 便捷性差; 流失概率极高, 需立即挽留",个性化挽留方案 一、核心流失原因分析： 1. 在网时长(1 month)：16 个月，，网长使客户对处于对对 trust 降低。 - 技术服务套餐偏高：客户当前的使用的套餐为中高端，型，可能因不满足其当前需求而考虑流失。 - 月消费金额：1. 9.5，可能因客户认为服务性价比不高而考虑流失。 二、针对性挽留措施： 1. 调整套餐：将在现有套餐基础上提供更符合客户当前需求的套餐选项，如如 5. 19.5，如 9.7，降客户月消费。 2. 提供额外服务优惠：为客户提供额外技术支持服务免费期或 在定制化服务承诺，增强客户对 loyalty感。 5. 延长合同时长：提供0 year更长的期合约选项优惠，，，期合约到期时间后，欠客户继续使用服务。 5. 激励措施：为客户提供一定的资金激励或 物质奖励，如鼓励客户继续使用服务。 5. 情感维系：定期与客户沟通了解客户需求，提供个性化服务建议改善客户关系。 三、优先级建议： 三、调整套餐：优先级最高，，升客户满意度。 5. 提供额外服务优惠：次优级。 5. 延长合同时长：中优先级。 5. 激励措施：末优优先级。 5. 情感维系：末优先级。
3,4800-VHZKI,93.6%,1,19.9,Month-to-month,No,"在网时间较短(1个月), 客户黏性不足; 月付合同, 转换成本低, 易流失; 无网络服务, 增值业务少; 邮寄支票支付, 便捷性差",### 个性化挽留方案 #### 1. 核心流失原因分析 1. **合同类型**：客户选择月付月制合同，表明可能存在对固定服务费用的顾虑。 2. **在网时长**：客户在网时长较短，容易对服务质量或产品性价比产生质疑。 1. **在线安全服务**：客户对在线安全服务需求较高，但当前并未享受相关服务，导致服务质量感知不足。 #### 2. 针对性性挽留措施 1. **合同调整**：立即联系客户，提议转换为一年期或半年期合约，以降低客户月费压力，同时增加稳定性。 1. **在线安全服务赠送**：主动赠送一年在线安全服务，提升客户服务质量感知，消除顾虑。 1. **优惠活动**：提供专属月消费金额减免或套餐升级优惠，提升客户满意度。 1. **客户关怀**：安排客户经理定期回访，了解客户使用过程中遇到的问题，提供个性化咨询服务。 1. **客户体验改善**：针对客户当前使用中的具体问题提供快速响应和解决方案。 #### an. 优先级建议 三、**合同调整**：优先级 **1**：立即联系客户了解诉求，提供调整合同服务。 三、**在线安全服务赠送**：优先级 ** 2**：尽快安排赠送服务，提升客户服务质量感知。 三、**优惠活动**：优先级 ** 1**：提供专属优惠，凸显客户价值。 三、**客户关怀**：优先级 ** 1**：安排客户经理定期回访提供个性化服务。 三、**客户体验改善**：优先级 ** 1**：尽快解决客户当前体验中遇到的具体问题。
4,9667-TKTVZ,93.5%,2,54.35,Month-to-month,DSL,"在网时间较短(2个月), 客户黏性不足; 月付合同, 转换成本低, 易流失; 邮寄支票支付, 便捷性差; 流失概率极高, 需立即挽留",挽留方案： 核心流失原因分析： 1. 在网时长较短（仅2个月），客户对产品和服务不够熟悉。 2. 技术支持服务收费偏高，增加了费用负担。 3. 合同类型为月付，缺乏长期稳定性，客户可能寻求更稳定的长期合同。 针对性挽留措施： 1. 提供专属优惠：提供3个月的月付合约期，期间享受更多优惠（如降低月消费金额至50元/月或提供每月20元的月度充值抵扣优惠）。 2. 增加技术支持服务价值：提供免费的网络速度提升服务及24小时技术支持热线，或提供一次免费的网络设备检测和优化服务。 3. 设计互动活动：举办线上或线下客户互动活动，如网络设备使用技巧分享会，促进客户与服务人员之间的交流，增强客户对产品的认知和满意度。 4. 个性化关怀：通过电话或短信方式与客户进行沟通，了解客户的具体需求和问题，并针对客户反馈进行改进。 5. 投诉处理：针对客户以往的技术支持服务收费问题进行原因调查，如确认收费确实偏高，可主动联系客户进行协商，适当降低收费标准或提供季度服务包等方式补偿客户。 优先级建议：优先级由高到低为：1. 提供专属优惠；2. 增加技术支持服务价值；3. 设计互动活动；4. 个性化关怀；5. 投诉处理。
5,2380-DAMQP,93.3%,72,115.15,Two year,Fiber optic,"月租费用偏高(¥115/月); 光纤用户对网络质量要求高; 电子支票支付, 账单拖欠风险较高; 流失概率极高, 需立即挽留",###个性化挽留方案： **一、核心流失原因分析（23条）： 1. 合同类型：客户签订的是两年期合同，即将到期，存在续约风险。 2. 在网长(月)：客户在网时长为7岁，，，处于合同中期，续约意愿可能较低。 3. 网络服务类型偏好：客户对选择光纤网络，对对服务的满意程度一般，，可能需要进一步提升服务体验。 **二、针对性挽留措施（3-5条）： 1. 提前续约：立即联系客户，以优惠的价格提供两年或三年期续约，增加客户满意度。 2. 优化服务：开展宽带服务满意度调查，针对客户反映的问题，及时及时长或服务及时改进。 4. 专属优惠：提供专属宽带套餐或网络设备优惠，提高客户好感度。 **三、优先级建议： 三、提前续约：高优先级，立即进行，沟通，争取客户在合同到期前进行续约。 4. 优化服务：中优先级，针对客户反馈进行及时改进服务，提高客户满意度。 4. 专属优惠：低优先级或优惠活动进行宣传，增加客户参与度。
6,9420-LOJKX,92.9%,15,99.1,Month-to-month,Fiber optic,"月租费用偏高(¥99/月); 在网时间(15个月), 仍处于流失高风险期; 月付合同, 转换成本低, 易流失; 光纤用户对网络质量要求高",### 客户ID: 9421-LOJKX #### 核心流失原因分析： 1. 月消费金额较高（99.1），可能导致客户感知到的性价比不高。 2. 在网时长较长（15个月），对现有服务可能已感到稳定，但未发现明显改善点。 3. 合同类型为Month-to-month，缺乏长期服务承诺，客户容易更换。 #### 针对性挽留措施： 1. **优惠升级方案** - **措施内容**：提供半年或一年的折扣套餐，如95折或9折，增加客户对价格的感知。 - **优先级**：1. 2. **长期合约激励** - **措施内容**：提供20个月的合约，享受每月减免10元的优惠。 - **优先级**：1. 3. **专属客户服务** - **措施内容**：提供专属客户经理，定期跟进客户需求和满意度，提供个性化服务建议。 - **优先级**：1. 4. **网络服务优化** - **措施内容**：提供光纤网络优化服务，提高网速或稳定性，解决客户网络体验问题。 - **优先级**：11. 5. **综合通信套餐** - **措施内容**：提供包括宽带、手机、固定电话等在内的的综合通信套餐，享受更多优惠。 - **优先级**：3 #### 优先级建议： 1. **优惠升级方案**（最优先） 2. **长期合约激励**（优先） 3. **专属客户服务**（次优先） 4. **网络服务优化**（次优先） 5. **综合通信套餐**（最后） 通过上述方案，旨在通过价格优惠、长期承诺、个性化服务、网络优化和综合套餐等等多方面措施，针对性地解决客户主要关注的问题，从而提高其继续留在服务中的意愿。
7,9633-DENPU,92.7%,47,58.6,Month-to-month,DSL,"月付合同, 转换成本低, 易流失; 流失概率极高, 需立即挽留",**客户ID: 9633-DENPU **优先级：高 **核心流失原因分析： 1. 技术支持服务费用偏高：客户可能认为费用与服务内容不匹配。 2. 月消费金额较高：58.6元对客户来说可能是一个较高的固定费用。 2. 合同类型为月付：客户可能对长期绑定合同有所顾虑。 **针对性挽留措施： 三、调整每月费用结构：降低技术支持服务费，建议从48.6元降至38.6元，降低客户感知成本。 2. 提供个性化促销方案：例如，连续6个月月费降至45.6元，并赠送价值30元的积分兑换券。 1. 定制一对一续约服务：由专属客户经理负责跟进，了解客户需求，，提供更加贴合的续约方案。 * 为客户提供灵活的服务选择：建议提供不限速套餐，价格为53.6元，同时增加免费或优惠的增值服务。 * 建立积分回馈机制：客户积分累计至1000积分时，可使用积分兑换相应礼品，增强客户粘性。 **优先级建议： 三、调整每月费用结构（优先级：1） * 提供个性化促销方案（优先级：2） * � Laundry 一对一续约服务（优先级：3） * 为客户提供灵活服务选择（优先级：4） * 建立积分回馈机制（优先级：5）
8,5553-AOINX,92.7%,66,104.9,One year,Fiber optic,"月租费用偏高(¥105/月); 年付合同即将到期, 需重点关注; 光纤用户对网络质量要求高; 电子支票支付, 账单拖欠风险较高",个性化挽留方案 一、核心流失原因分析： - 月消费金额低：客户每月消费金额仅为104.9元，相比其他套餐偏低。 - 在网时长较长：客户在网络服务上已有多达66个月的使用，潜在续约意愿较低。 - 累计消费金额：与竞品相比，客户累计消费金额6891.45元较低，表明客户对套餐感知价值较低。 二、针对性挽留措施： - 专属优惠套餐：为该客户定制月消费额为129.9元的专属优惠套餐，包含基础流量、通话分钟数及在线安全服务。 - 即时优惠：立即提供3个月的优惠期，前三个月月费降至99.9元，之后恢复原价。 - 合同续约激励：提供合同续约优惠，如签署2年合同，可享受减免10%月费的长期合约优惠。 - 个性化在线安全服务：优化在线安全服务，为客户设置专属防护策略，提升客户感知价值。 - 专属客户经理：为客户分配专属客户经理，定期关注客户需求及反馈，提供一对一服务。 三、优先级建议： - 优先级1：专属优惠套餐与即时优惠 - 优先级2：合同续约优惠 - 优先级3：优化在线安全服务 - 优先级4：专属客户经理 此方案旨在通过提升套餐价值、提供即时优惠、延长客户关系及加强个性化服务来降低客户流失风险。
9,3549-ZTMNH,92.0%,12,24.0,Two year,No,"在网时间(12个月), 仍处于流失高风险期; 无网络服务, 增值业务少; 流失概率极高, 需立即挽留",###挽留方案： **核心流失原因分析： 1. 合同类型：两年期合同即将到期（贡献度：5.6%) 2. 在网在网时长：在网超过1 years，，贡献度： 5.444%) 5. 月消费金额：消费金额较低（贡献度： 1.2) **针对性挽留措施： 三、提前续约优惠：提供两年期合同提前续约的1折（优先级：高） 5. 消费提升奖励：为提升消费至到提供 200（消费提升奖励（优先级：中） 三、兢内举办一次客户关怀活动，优先级：medium） 5. 自程服务优化：优化网络服务质量，优先级：low） **优先级建议： 三、提前续约优惠（优先级：高） 该客户的主要流失风险在于合同类型和在网长，提前续约优惠措施可明显提高于其他挽留措施。通过提供两年期合同提前续约的优惠，提高客户的的续约意愿，防止客户在合同到期后流失。
10,4701-MLJPN,91.9%,31,55.25,Month-to-month,DSL,"月付合同, 转换成本低, 易流失; 电子支票支付, 账单拖欠风险较高; 流失概率极高, 需立即挽留",### 个性化挽留方案 #### 核心流失原因分析 1. 在网时长较短（3个月），表明客户可能对现有服务不满或对品牌忠诚度较低。 2. 合同类型为 Month-to-month，增加了客户跳槽的灵活性，降低了客户品牌粘性。 #### 钒留措施 1. **限时优惠套餐**：提供3个月免费或半价月租的套餐，结合在线或上门服务展示。 2. **家庭网络升级推荐**：针对其DSL网络，推荐更高速度的光纤宽带，并提供免费体验期。 4. **在线安全服务增强**：主动联系客户，免费为其增加在线安全服务，提高客户使用体验。 5. **定制化合约计划**：提出一年或两年固定期的合约，结合月租优惠，提升客户短期稳定性。 #### 优先级建议 三、**限时优惠套餐**（优先级1）：基于客户流失概率高，以及提升客户粘度、提高留存率的目标优先级最高。 三、**家庭网络升级推荐**（优先级2）：通过提升客户满意度，增强客户对品牌的好感度，其次级。 4. **在线安全服务增强**（优先级4）：增强服务体验，提高客户感知度，较低优先级。 5. **定制化合约计划**（优先级5）：通过合约绑定增强客户长期稳定性，较低优先级。
